"CF_AMMINISTRAZIONE_APPALTANTE","Denominazione","classifica ANAC su base S13 Istat","cod_provincia","ind","value"
"00114510571","AMMINISTRAZIONE PROVINCIALE DI RIETI","Province e Città Metropolitane",57,"ind1",0
"00114510571","AMMINISTRAZIONE PROVINCIALE DI RIETI","Province e Città Metropolitane",57,"ind2",1
"00114510571","AMMINISTRAZIONE PROVINCIALE DI RIETI","Province e Città Metropolitane",57,"ind3",1
"00114510571","AMMINISTRAZIONE PROVINCIALE DI RIETI","Province e Città Metropolitane",57,"ind4",0
"00114510571","AMMINISTRAZIONE PROVINCIALE DI RIETI","Province e Città Metropolitane",57,"ind5",NA
"00114510571","AMMINISTRAZIONE PROVINCIALE DI RIETI","Province e Città Metropolitane",57,"ind6",0.988207547169811
"00114510571","AMMINISTRAZIONE PROVINCIALE DI RIETI","Province e Città Metropolitane",57,"ind7",0.928571428571429
"00114510571","AMMINISTRAZIONE PROVINCIALE DI RIETI","Province e Città Metropolitane",57,"ind8",0
"00115070856","PROVINCIA REGIONALE DI CALTANISSETTA","Province e Città Metropolitane",85,"ind1",0.0714285714285714
"00115070856","PROVINCIA REGIONALE DI CALTANISSETTA","Province e Città Metropolitane",85,"ind2",0.9375
"00115070856","PROVINCIA REGIONALE DI CALTANISSETTA","Province e Città Metropolitane",85,"ind3",0.538016640374607
"00115070856","PROVINCIA REGIONALE DI CALTANISSETTA","Province e Città Metropolitane",85,"ind4",1
"00115070856","PROVINCIA REGIONALE DI CALTANISSETTA","Province e Città Metropolitane",85,"ind5",1.34885651631444
"00115070856","PROVINCIA REGIONALE DI CALTANISSETTA","Province e Città Metropolitane",85,"ind6",1.04794596759215
"00115070856","PROVINCIA REGIONALE DI CALTANISSETTA","Province e Città Metropolitane",85,"ind7",0.125
"00115070856","PROVINCIA REGIONALE DI CALTANISSETTA","Province e Città Metropolitane",85,"ind8",0.142857142857143
"00139600704","PROVINCIA DI CAMPOBASSO","Province e Città Metropolitane",70,"ind1",0.235294117647059
"00139600704","PROVINCIA DI CAMPOBASSO","Province e Città Metropolitane",70,"ind2",0.555555555555556
"00139600704","PROVINCIA DI CAMPOBASSO","Province e Città Metropolitane",70,"ind3",0.114244733798518
"00139600704","PROVINCIA DI CAMPOBASSO","Province e Città Metropolitane",70,"ind4",0.0833333333333333
"00139600704","PROVINCIA DI CAMPOBASSO","Province e Città Metropolitane",70,"ind5",1.01652049271232
"00139600704","PROVINCIA DI CAMPOBASSO","Province e Città Metropolitane",70,"ind6",0.928426549610232
"00139600704","PROVINCIA DI CAMPOBASSO","Province e Città Metropolitane",70,"ind7",0.0555555555555556
"00139600704","PROVINCIA DI CAMPOBASSO","Province e Città Metropolitane",70,"ind8",0.294117647058824
"00166520916","PROVINCIA DI NUORO","Province e Città Metropolitane",91,"ind1",0
"00166520916","PROVINCIA DI NUORO","Province e Città Metropolitane",91,"ind2",0.588235294117647
"00166520916","PROVINCIA DI NUORO","Province e Città Metropolitane",91,"ind3",0.723378087623692
"00166520916","PROVINCIA DI NUORO","Province e Città Metropolitane",91,"ind4",0.1
"00166520916","PROVINCIA DI NUORO","Province e Città Metropolitane",91,"ind5",1.06864039237371
"00166520916","PROVINCIA DI NUORO","Province e Città Metropolitane",91,"ind6",1.16322314049587
"00166520916","PROVINCIA DI NUORO","Province e Città Metropolitane",91,"ind7",0.125
"00166520916","PROVINCIA DI NUORO","Province e Città Metropolitane",91,"ind8",0.333333333333333
"00179350558","AMMINISTRAZIONE PROVINCIALE DI TERNI","Province e Città Metropolitane",55,"ind1",0.7
"00179350558","AMMINISTRAZIONE PROVINCIALE DI TERNI","Province e Città Metropolitane",55,"ind2",1
"00179350558","AMMINISTRAZIONE PROVINCIALE DI TERNI","Province e Città Metropolitane",55,"ind3",1
"00179350558","AMMINISTRAZIONE PROVINCIALE DI TERNI","Province e Città Metropolitane",55,"ind4",0.25
"00179350558","AMMINISTRAZIONE PROVINCIALE DI TERNI","Province e Città Metropolitane",55,"ind5",1.03841911454761
"00179350558","AMMINISTRAZIONE PROVINCIALE DI TERNI","Province e Città Metropolitane",55,"ind6",3.83122419055599
"00179350558","AMMINISTRAZIONE PROVINCIALE DI TERNI","Province e Città Metropolitane",55,"ind7",0
"00179350558","AMMINISTRAZIONE PROVINCIALE DI TERNI","Province e Città Metropolitane",55,"ind8",0.333333333333333
"00209290352","PROVINCIA DI REGGIO EMILIA","Province e Città Metropolitane",35,"ind1",0.605263157894737
"00209290352","PROVINCIA DI REGGIO EMILIA","Province e Città Metropolitane",35,"ind2",0.608695652173913
"00209290352","PROVINCIA DI REGGIO EMILIA","Province e Città Metropolitane",35,"ind3",0.111821283398517
"00209290352","PROVINCIA DI REGGIO EMILIA","Province e Città Metropolitane",35,"ind4",0.181818181818182
"00209290352","PROVINCIA DI REGGIO EMILIA","Province e Città Metropolitane",35,"ind5",1.05895610898894
"00209290352","PROVINCIA DI REGGIO EMILIA","Province e Città Metropolitane",35,"ind6",1.73788114636198
"00209290352","PROVINCIA DI REGGIO EMILIA","Province e Città Metropolitane",35,"ind7",0.133333333333333
"00209290352","PROVINCIA DI REGGIO EMILIA","Province e Città Metropolitane",35,"ind8",0.153846153846154
"00212000418","PROVINCIA DIPESARO E URBINO","Province e Città Metropolitane",41,"ind1",0.305555555555556
"00212000418","PROVINCIA DIPESARO E URBINO","Province e Città Metropolitane",41,"ind2",0.590909090909091
"00212000418","PROVINCIA DIPESARO E URBINO","Province e Città Metropolitane",41,"ind3",0.260360599207306
"00212000418","PROVINCIA DIPESARO E URBINO","Province e Città Metropolitane",41,"ind4",0.673913043478261
"00212000418","PROVINCIA DIPESARO E URBINO","Province e Città Metropolitane",41,"ind5",1.12290045162675
"00212000418","PROVINCIA DIPESARO E URBINO","Province e Città Metropolitane",41,"ind6",2.05381877192123
"00212000418","PROVINCIA DIPESARO E URBINO","Province e Città Metropolitane",41,"ind7",0.0864197530864197
"00212000418","PROVINCIA DIPESARO E URBINO","Province e Città Metropolitane",41,"ind8",0.373333333333333
"00218930113","PROVINCIA DELLA SPEZIA","Province e Città Metropolitane",11,"ind1",0.25
"00218930113","PROVINCIA DELLA SPEZIA","Province e Città Metropolitane",11,"ind2",0.866666666666667
"00218930113","PROVINCIA DELLA SPEZIA","Province e Città Metropolitane",11,"ind3",0.453137508790805
"00218930113","PROVINCIA DELLA SPEZIA","Province e Città Metropolitane",11,"ind4",0.181818181818182
"00218930113","PROVINCIA DELLA SPEZIA","Province e Città Metropolitane",11,"ind5",1.01194004672789
"00218930113","PROVINCIA DELLA SPEZIA","Province e Città Metropolitane",11,"ind6",NA
"00218930113","PROVINCIA DELLA SPEZIA","Province e Città Metropolitane",11,"ind7",0.111111111111111
"00218930113","PROVINCIA DELLA SPEZIA","Province e Città Metropolitane",11,"ind8",0.214285714285714
"00230190902","AMMINISTRAZIONE PROVINCIALE DI SASSARI","Province e Città Metropolitane",90,"ind1",0.225806451612903
"00230190902","AMMINISTRAZIONE PROVINCIALE DI SASSARI","Province e Città Metropolitane",90,"ind2",0.517857142857143
"00230190902","AMMINISTRAZIONE PROVINCIALE DI SASSARI","Province e Città Metropolitane",90,"ind3",0.370018825972461
"00230190902","AMMINISTRAZIONE PROVINCIALE DI SASSARI","Province e Città Metropolitane",90,"ind4",0.393939393939394
"00230190902","AMMINISTRAZIONE PROVINCIALE DI SASSARI","Province e Città Metropolitane",90,"ind5",1.06744132791077
"00230190902","AMMINISTRAZIONE PROVINCIALE DI SASSARI","Province e Città Metropolitane",90,"ind6",1.6154914421955
"00230190902","AMMINISTRAZIONE PROVINCIALE DI SASSARI","Province e Città Metropolitane",90,"ind7",0.239130434782609
"00230190902","AMMINISTRAZIONE PROVINCIALE DI SASSARI","Province e Città Metropolitane",90,"ind8",0.209302325581395
"00236340477","AMMINISTRAZIONE PROVINCIALE DI PISTOIA","Province e Città Metropolitane",47,"ind1",0.404255319148936
"00236340477","AMMINISTRAZIONE PROVINCIALE DI PISTOIA","Province e Città Metropolitane",47,"ind2",0.835820895522388
"00236340477","AMMINISTRAZIONE PROVINCIALE DI PISTOIA","Province e Città Metropolitane",47,"ind3",0.506336657152283
"00236340477","AMMINISTRAZIONE PROVINCIALE DI PISTOIA","Province e Città Metropolitane",47,"ind4",0.4375
"00236340477","AMMINISTRAZIONE PROVINCIALE DI PISTOIA","Province e Città Metropolitane",47,"ind5",1.18350656421093
"00236340477","AMMINISTRAZIONE PROVINCIALE DI PISTOIA","Province e Città Metropolitane",47,"ind6",2.03148634553432
"00236340477","AMMINISTRAZIONE PROVINCIALE DI PISTOIA","Province e Città Metropolitane",47,"ind7",0.114754098360656
"00236340477","AMMINISTRAZIONE PROVINCIALE DI PISTOIA","Province e Città Metropolitane",47,"ind8",0.111111111111111
"00247260086","AMMINISTRAZIONE PROVINCIALE IMPERIA","Province e Città Metropolitane",8,"ind1",0
"00247260086","AMMINISTRAZIONE PROVINCIALE IMPERIA","Province e Città Metropolitane",8,"ind2",1
"00247260086","AMMINISTRAZIONE PROVINCIALE IMPERIA","Province e Città Metropolitane",8,"ind3",1
"00247260086","AMMINISTRAZIONE PROVINCIALE IMPERIA","Province e Città Metropolitane",8,"ind4",0.416666666666667
"00247260086","AMMINISTRAZIONE PROVINCIALE IMPERIA","Province e Città Metropolitane",8,"ind5",1.12121921732278
"00247260086","AMMINISTRAZIONE PROVINCIALE IMPERIA","Province e Città Metropolitane",8,"ind6",NA
"00247260086","AMMINISTRAZIONE PROVINCIALE IMPERIA","Province e Città Metropolitane",8,"ind7",0
"00247260086","AMMINISTRAZIONE PROVINCIALE IMPERIA","Province e Città Metropolitane",8,"ind8",0.2
"00311260095","PROVINCIA DI SAVONA","Province e Città Metropolitane",9,"ind1",0.294117647058824
"00311260095","PROVINCIA DI SAVONA","Province e Città Metropolitane",9,"ind2",0.587301587301587
"00311260095","PROVINCIA DI SAVONA","Province e Città Metropolitane",9,"ind3",0.342219424037831
"00311260095","PROVINCIA DI SAVONA","Province e Città Metropolitane",9,"ind4",0.05
"00311260095","PROVINCIA DI SAVONA","Province e Città Metropolitane",9,"ind5",0.999924286549934
"00311260095","PROVINCIA DI SAVONA","Province e Città Metropolitane",9,"ind6",NA
"00311260095","PROVINCIA DI SAVONA","Province e Città Metropolitane",9,"ind7",0.0555555555555556
"00311260095","PROVINCIA DI SAVONA","Province e Città Metropolitane",9,"ind8",0.25
"00334500386","AMMINISTRAZIONE PROVINCIALE DI FERRARA","Province e Città Metropolitane",38,"ind1",0.0625
"00334500386","AMMINISTRAZIONE PROVINCIALE DI FERRARA","Province e Città Metropolitane",38,"ind2",0.736842105263158
"00334500386","AMMINISTRAZIONE PROVINCIALE DI FERRARA","Province e Città Metropolitane",38,"ind3",0.549766812625415
"00334500386","AMMINISTRAZIONE PROVINCIALE DI FERRARA","Province e Città Metropolitane",38,"ind4",0
"00334500386","AMMINISTRAZIONE PROVINCIALE DI FERRARA","Province e Città Metropolitane",38,"ind5",0.999712105435267
"00334500386","AMMINISTRAZIONE PROVINCIALE DI FERRARA","Province e Città Metropolitane",38,"ind6",1.35873515024458
"00334500386","AMMINISTRAZIONE PROVINCIALE DI FERRARA","Province e Città Metropolitane",38,"ind7",0
"00334500386","AMMINISTRAZIONE PROVINCIALE DI FERRARA","Province e Città Metropolitane",38,"ind8",0.833333333333333
"00337460224","PROVINCIA AUTONOMA DI TRENTO","Province autonome",22,"ind1",0.329545454545455
"00337460224","PROVINCIA AUTONOMA DI TRENTO","Province autonome",22,"ind2",0.865263157894737
"00337460224","PROVINCIA AUTONOMA DI TRENTO","Province autonome",22,"ind3",0.303925544721761
"00337460224","PROVINCIA AUTONOMA DI TRENTO","Province autonome",22,"ind4",0.11734693877551
"00337460224","PROVINCIA AUTONOMA DI TRENTO","Province autonome",22,"ind5",0.997831417472978
"00337460224","PROVINCIA AUTONOMA DI TRENTO","Province autonome",22,"ind6",1.84705505831106
"00337460224","PROVINCIA AUTONOMA DI TRENTO","Province autonome",22,"ind7",0.159159159159159
"00337460224","PROVINCIA AUTONOMA DI TRENTO","Province autonome",22,"ind8",0.319444444444444
"00356680397","AMMINISTRAZIONE PROVINCIALE DI RAVENNA","Province e Città Metropolitane",39,"ind1",0.555555555555556
"00356680397","AMMINISTRAZIONE PROVINCIALE DI RAVENNA","Province e Città Metropolitane",39,"ind2",0.6
"00356680397","AMMINISTRAZIONE PROVINCIALE DI RAVENNA","Province e Città Metropolitane",39,"ind3",0.18785948829643
"00356680397","AMMINISTRAZIONE PROVINCIALE DI RAVENNA","Province e Città Metropolitane",39,"ind4",0.1
"00356680397","AMMINISTRAZIONE PROVINCIALE DI RAVENNA","Province e Città Metropolitane",39,"ind5",1.14727070453108
"00356680397","AMMINISTRAZIONE PROVINCIALE DI RAVENNA","Province e Città Metropolitane",39,"ind6",1.16666666666667
"00356680397","AMMINISTRAZIONE PROVINCIALE DI RAVENNA","Province e Città Metropolitane",39,"ind7",0.235294117647059
"00356680397","AMMINISTRAZIONE PROVINCIALE DI RAVENNA","Province e Città Metropolitane",39,"ind8",0.375
"00369930425","AMMINISTRAZIONE PROVINCIALE ANCONA","Province e Città Metropolitane",42,"ind1",0
"00369930425","AMMINISTRAZIONE PROVINCIALE ANCONA","Province e Città Metropolitane",42,"ind2",0.526315789473684
"00369930425","AMMINISTRAZIONE PROVINCIALE ANCONA","Province e Città Metropolitane",42,"ind3",0.332811951595065
"00369930425","AMMINISTRAZIONE PROVINCIALE ANCONA","Province e Città Metropolitane",42,"ind4",0.448275862068966
"00369930425","AMMINISTRAZIONE PROVINCIALE ANCONA","Province e Città Metropolitane",42,"ind5",1.11893000143116
"00369930425","AMMINISTRAZIONE PROVINCIALE ANCONA","Province e Città Metropolitane",42,"ind6",1.6112601492838
"00369930425","AMMINISTRAZIONE PROVINCIALE ANCONA","Province e Città Metropolitane",42,"ind7",0.0540540540540541
"00369930425","AMMINISTRAZIONE PROVINCIALE ANCONA","Province e Città Metropolitane",42,"ind8",0.194444444444444
"00374200715","PROVINCIA DI FOGGIA","Province e Città Metropolitane",71,"ind1",0.125
"00374200715","PROVINCIA DI FOGGIA","Province e Città Metropolitane",71,"ind2",0.625
"00374200715","PROVINCIA DI FOGGIA","Province e Città Metropolitane",71,"ind3",0.385671689465284
"00374200715","PROVINCIA DI FOGGIA","Province e Città Metropolitane",71,"ind4",0
"00374200715","PROVINCIA DI FOGGIA","Province e Città Metropolitane",71,"ind5",1.00888978829478
"00374200715","PROVINCIA DI FOGGIA","Province e Città Metropolitane",71,"ind6",1.0024361603309
"00374200715","PROVINCIA DI FOGGIA","Province e Città Metropolitane",71,"ind7",0.470588235294118
"00374200715","PROVINCIA DI FOGGIA","Province e Città Metropolitane",71,"ind8",0.0869565217391304
"00390090215","PROVINCIA AUTONOMA BOLZANO","Province autonome",21,"ind1",0.166172106824926
"00390090215","PROVINCIA AUTONOMA BOLZANO","Province autonome",21,"ind2",0.97029702970297
"00390090215","PROVINCIA AUTONOMA BOLZANO","Province autonome",21,"ind3",0.949877342616743
"00390090215","PROVINCIA AUTONOMA BOLZANO","Province autonome",21,"ind4",0.128571428571429
"00390090215","PROVINCIA AUTONOMA BOLZANO","Province autonome",21,"ind5",0.99578560886353
"00390090215","PROVINCIA AUTONOMA BOLZANO","Province autonome",21,"ind6",2.22537322640771
"00390090215","PROVINCIA AUTONOMA BOLZANO","Province autonome",21,"ind7",0.0583333333333333
"00390090215","PROVINCIA AUTONOMA BOLZANO","Province autonome",21,"ind8",0.234501347708895
"00397470873","PROVINCIA REGIONALE DI CATANIA","Province e Città Metropolitane",87,"ind1",0
"00397470873","PROVINCIA REGIONALE DI CATANIA","Province e Città Metropolitane",87,"ind2",0.25
"00397470873","PROVINCIA REGIONALE DI CATANIA","Province e Città Metropolitane",87,"ind3",0.00250891881065907
"00397470873","PROVINCIA REGIONALE DI CATANIA","Province e Città Metropolitane",87,"ind4",0.5
"00397470873","PROVINCIA REGIONALE DI CATANIA","Province e Città Metropolitane",87,"ind5",0.997835139124973
"00397470873","PROVINCIA REGIONALE DI CATANIA","Province e Città Metropolitane",87,"ind6",1.37280701754386
"00397470873","PROVINCIA REGIONALE DI CATANIA","Province e Città Metropolitane",87,"ind7",0.666666666666667
"00397470873","PROVINCIA REGIONALE DI CATANIA","Province e Città Metropolitane",87,"ind8",0
"00443770540","PROVINCIA DI PERUGIA","Province e Città Metropolitane",54,"ind1",0.0392156862745098
"00443770540","PROVINCIA DI PERUGIA","Province e Città Metropolitane",54,"ind2",0.545454545454545
"00443770540","PROVINCIA DI PERUGIA","Province e Città Metropolitane",54,"ind3",0.293745453841424
"00443770540","PROVINCIA DI PERUGIA","Province e Città Metropolitane",54,"ind4",0.264150943396226
"00443770540","PROVINCIA DI PERUGIA","Province e Città Metropolitane",54,"ind5",1.04549616708366
"00443770540","PROVINCIA DI PERUGIA","Province e Città Metropolitane",54,"ind6",1.57389975726913
"00443770540","PROVINCIA DI PERUGIA","Province e Città Metropolitane",54,"ind7",0.0535714285714286
"00443770540","PROVINCIA DI PERUGIA","Province e Città Metropolitane",54,"ind8",0.114754098360656
"00447820044","PROVINCIA DI CUNEO","Province e Città Metropolitane",4,"ind1",0.0681818181818182
"00447820044","PROVINCIA DI CUNEO","Province e Città Metropolitane",4,"ind2",0.954545454545455
"00447820044","PROVINCIA DI CUNEO","Province e Città Metropolitane",4,"ind3",0.620911302752125
"00447820044","PROVINCIA DI CUNEO","Province e Città Metropolitane",4,"ind4",0.222222222222222
"00447820044","PROVINCIA DI CUNEO","Province e Città Metropolitane",4,"ind5",0.974648423635678
"00447820044","PROVINCIA DI CUNEO","Province e Città Metropolitane",4,"ind6",1.8109330209605
"00447820044","PROVINCIA DI CUNEO","Province e Città Metropolitane",4,"ind7",0.169811320754717
"00447820044","PROVINCIA DI CUNEO","Province e Città Metropolitane",4,"ind8",0.368421052631579
"00496080243","AMMINISTRAZIONE PROVINCIALE DI VICENZA","Province e Città Metropolitane",24,"ind1",0.111111111111111
"00496080243","AMMINISTRAZIONE PROVINCIALE DI VICENZA","Province e Città Metropolitane",24,"ind2",0.764705882352941
"00496080243","AMMINISTRAZIONE PROVINCIALE DI VICENZA","Province e Città Metropolitane",24,"ind3",0.0198684799959009
"00496080243","AMMINISTRAZIONE PROVINCIALE DI VICENZA","Province e Città Metropolitane",24,"ind4",0.5
"00496080243","AMMINISTRAZIONE PROVINCIALE DI VICENZA","Province e Città Metropolitane",24,"ind5",1.15708360576745
"00496080243","AMMINISTRAZIONE PROVINCIALE DI VICENZA","Province e Città Metropolitane",24,"ind6",1.55209115872014
"00496080243","AMMINISTRAZIONE PROVINCIALE DI VICENZA","Province e Città Metropolitane",24,"ind7",0.307692307692308
"00496080243","AMMINISTRAZIONE PROVINCIALE DI VICENZA","Province e Città Metropolitane",24,"ind8",0.4
"00510810922","PROVINCIA DI CAGLIARI","Province e Città Metropolitane",92,"ind1",0.5
"00510810922","PROVINCIA DI CAGLIARI","Province e Città Metropolitane",92,"ind2",0.92
"00510810922","PROVINCIA DI CAGLIARI","Province e Città Metropolitane",92,"ind3",0.998709010252091
"00510810922","PROVINCIA DI CAGLIARI","Province e Città Metropolitane",92,"ind4",0.25
"00510810922","PROVINCIA DI CAGLIARI","Province e Città Metropolitane",92,"ind5",NA
"00510810922","PROVINCIA DI CAGLIARI","Province e Città Metropolitane",92,"ind6",1
"00510810922","PROVINCIA DI CAGLIARI","Province e Città Metropolitane",92,"ind7",0.409090909090909
"00510810922","PROVINCIA DI CAGLIARI","Province e Città Metropolitane",92,"ind8",0.714285714285714
"00654810233","PROVINCIA DI VERONA","Province e Città Metropolitane",23,"ind1",0.521739130434783
"00654810233","PROVINCIA DI VERONA","Province e Città Metropolitane",23,"ind2",0.851851851851852
"00654810233","PROVINCIA DI VERONA","Province e Città Metropolitane",23,"ind3",0.0622069078810156
"00654810233","PROVINCIA DI VERONA","Province e Città Metropolitane",23,"ind4",0.555555555555556
"00654810233","PROVINCIA DI VERONA","Province e Città Metropolitane",23,"ind5",1.05499531922259
"00654810233","PROVINCIA DI VERONA","Province e Città Metropolitane",23,"ind6",2.51464438579132
"00654810233","PROVINCIA DI VERONA","Province e Città Metropolitane",23,"ind7",0.414634146341463
"00654810233","PROVINCIA DI VERONA","Province e Città Metropolitane",23,"ind8",0.625
"01116550441","AMMINISTRAZIONE PROVINCIALE","Province e Città Metropolitane",44,"ind1",0
"01116550441","AMMINISTRAZIONE PROVINCIALE","Province e Città Metropolitane",44,"ind2",1
"01116550441","AMMINISTRAZIONE PROVINCIALE","Province e Città Metropolitane",44,"ind3",1
"01116550441","AMMINISTRAZIONE PROVINCIALE","Province e Città Metropolitane",44,"ind4",0.25
"01116550441","AMMINISTRAZIONE PROVINCIALE","Province e Città Metropolitane",44,"ind5",1.0131164472538
"01116550441","AMMINISTRAZIONE PROVINCIALE","Province e Città Metropolitane",44,"ind6",1.48641975308642
"01116550441","AMMINISTRAZIONE PROVINCIALE","Province e Città Metropolitane",44,"ind7",0
"01116550441","AMMINISTRAZIONE PROVINCIALE","Province e Città Metropolitane",44,"ind8",0.111111111111111
"01263370635","PROVINCIA DI NAPOLI","Province e Città Metropolitane",63,"ind1",0.166666666666667
"01263370635","PROVINCIA DI NAPOLI","Province e Città Metropolitane",63,"ind2",0.6875
"01263370635","PROVINCIA DI NAPOLI","Province e Città Metropolitane",63,"ind3",0.363898641167886
"01263370635","PROVINCIA DI NAPOLI","Province e Città Metropolitane",63,"ind4",0.222222222222222
"01263370635","PROVINCIA DI NAPOLI","Province e Città Metropolitane",63,"ind5",0.97194149365223
"01263370635","PROVINCIA DI NAPOLI","Province e Città Metropolitane",63,"ind6",86.781539687789
"01263370635","PROVINCIA DI NAPOLI","Province e Città Metropolitane",63,"ind7",0.396825396825397
"01263370635","PROVINCIA DI NAPOLI","Province e Città Metropolitane",63,"ind8",0.625
"01375710363","AMMINISTRAZIONE PROVINCIALE DI MODENA","Province e Città Metropolitane",36,"ind1",0.05
"01375710363","AMMINISTRAZIONE PROVINCIALE DI MODENA","Province e Città Metropolitane",36,"ind2",1
"01375710363","AMMINISTRAZIONE PROVINCIALE DI MODENA","Province e Città Metropolitane",36,"ind3",1
"01375710363","AMMINISTRAZIONE PROVINCIALE DI MODENA","Province e Città Metropolitane",36,"ind4",0.380952380952381
"01375710363","AMMINISTRAZIONE PROVINCIALE DI MODENA","Province e Città Metropolitane",36,"ind5",1.04848218710642
"01375710363","AMMINISTRAZIONE PROVINCIALE DI MODENA","Province e Città Metropolitane",36,"ind6",1.29683652848617
"01375710363","AMMINISTRAZIONE PROVINCIALE DI MODENA","Province e Città Metropolitane",36,"ind7",0
"01375710363","AMMINISTRAZIONE PROVINCIALE DI MODENA","Province e Città Metropolitane",36,"ind8",0.0454545454545455
"01633570609","AMMINISTRAZIONE PROVINCIALE DI FROSINONE","Province e Città Metropolitane",60,"ind1",0
"01633570609","AMMINISTRAZIONE PROVINCIALE DI FROSINONE","Province e Città Metropolitane",60,"ind2",0.785714285714286
"01633570609","AMMINISTRAZIONE PROVINCIALE DI FROSINONE","Province e Città Metropolitane",60,"ind3",0.522911706137744
"01633570609","AMMINISTRAZIONE PROVINCIALE DI FROSINONE","Province e Città Metropolitane",60,"ind4",0
"01633570609","AMMINISTRAZIONE PROVINCIALE DI FROSINONE","Province e Città Metropolitane",60,"ind5",0.99722918859857
"01633570609","AMMINISTRAZIONE PROVINCIALE DI FROSINONE","Province e Città Metropolitane",60,"ind6",1.30320575888758
"01633570609","AMMINISTRAZIONE PROVINCIALE DI FROSINONE","Province e Città Metropolitane",60,"ind7",0.384615384615385
"01633570609","AMMINISTRAZIONE PROVINCIALE DI FROSINONE","Province e Città Metropolitane",60,"ind8",0.333333333333333
"01907990012","PROVINCIA DI TORINO","Province e Città Metropolitane",1,"ind1",0.0208333333333333
"01907990012","PROVINCIA DI TORINO","Province e Città Metropolitane",1,"ind2",0.347593582887701
"01907990012","PROVINCIA DI TORINO","Province e Città Metropolitane",1,"ind3",0.0236776364242359
"01907990012","PROVINCIA DI TORINO","Province e Città Metropolitane",1,"ind4",0.377049180327869
"01907990012","PROVINCIA DI TORINO","Province e Città Metropolitane",1,"ind5",1.07691088768012
"01907990012","PROVINCIA DI TORINO","Province e Città Metropolitane",1,"ind6",2.87771262919507
"01907990012","PROVINCIA DI TORINO","Province e Città Metropolitane",1,"ind7",0.184357541899441
"01907990012","PROVINCIA DI TORINO","Province e Città Metropolitane",1,"ind8",0.58
"03428581205","CITTA' METROPOLITANA DI BOLOGNA","Province e Città Metropolitane",37,"ind1",0.285714285714286
"03428581205","CITTA' METROPOLITANA DI BOLOGNA","Province e Città Metropolitane",37,"ind2",0.782608695652174
"03428581205","CITTA' METROPOLITANA DI BOLOGNA","Province e Città Metropolitane",37,"ind3",0.309658806106918
"03428581205","CITTA' METROPOLITANA DI BOLOGNA","Province e Città Metropolitane",37,"ind4",0.0588235294117647
"03428581205","CITTA' METROPOLITANA DI BOLOGNA","Province e Città Metropolitane",37,"ind5",0.995714101297953
"03428581205","CITTA' METROPOLITANA DI BOLOGNA","Province e Città Metropolitane",37,"ind6",0.792785411485251
"03428581205","CITTA' METROPOLITANA DI BOLOGNA","Province e Città Metropolitane",37,"ind7",0
"03428581205","CITTA' METROPOLITANA DI BOLOGNA","Province e Città Metropolitane",37,"ind8",0.15
"06931240722","PROVINCIA DI BARLETTA ANDRIA TRANI","Province e Città Metropolitane",110,"ind1",0.666666666666667
"06931240722","PROVINCIA DI BARLETTA ANDRIA TRANI","Province e Città Metropolitane",110,"ind2",0.833333333333333
"06931240722","PROVINCIA DI BARLETTA ANDRIA TRANI","Province e Città Metropolitane",110,"ind3",0.756309928481005
"06931240722","PROVINCIA DI BARLETTA ANDRIA TRANI","Province e Città Metropolitane",110,"ind4",0.166666666666667
"06931240722","PROVINCIA DI BARLETTA ANDRIA TRANI","Province e Città Metropolitane",110,"ind5",0.999789379566851
"06931240722","PROVINCIA DI BARLETTA ANDRIA TRANI","Province e Città Metropolitane",110,"ind6",1.40615959498554
"06931240722","PROVINCIA DI BARLETTA ANDRIA TRANI","Province e Città Metropolitane",110,"ind7",0.5
"06931240722","PROVINCIA DI BARLETTA ANDRIA TRANI","Province e Città Metropolitane",110,"ind8",0.25
"08911820960","CITTA' METROPOLITANA DI MILANO","Province e Città Metropolitane",15,"ind1",0.5
"08911820960","CITTA' METROPOLITANA DI MILANO","Province e Città Metropolitane",15,"ind2",0.846153846153846
"08911820960","CITTA' METROPOLITANA DI MILANO","Province e Città Metropolitane",15,"ind3",0.520813564975758
"08911820960","CITTA' METROPOLITANA DI MILANO","Province e Città Metropolitane",15,"ind4",0.25
"08911820960","CITTA' METROPOLITANA DI MILANO","Province e Città Metropolitane",15,"ind5",1
"08911820960","CITTA' METROPOLITANA DI MILANO","Province e Città Metropolitane",15,"ind6",NA
"08911820960","CITTA' METROPOLITANA DI MILANO","Province e Città Metropolitane",15,"ind7",0.142857142857143
"08911820960","CITTA' METROPOLITANA DI MILANO","Province e Città Metropolitane",15,"ind8",0.333333333333333
"80000010886","PROVINCIA REGIONALE DI RAGUSA","Province e Città Metropolitane",88,"ind1",0.25
"80000010886","PROVINCIA REGIONALE DI RAGUSA","Province e Città Metropolitane",88,"ind2",0.722222222222222
"80000010886","PROVINCIA REGIONALE DI RAGUSA","Province e Città Metropolitane",88,"ind3",0.452311220332865
"80000010886","PROVINCIA REGIONALE DI RAGUSA","Province e Città Metropolitane",88,"ind4",0.75
"80000010886","PROVINCIA REGIONALE DI RAGUSA","Province e Città Metropolitane",88,"ind5",1.157216950743
"80000010886","PROVINCIA REGIONALE DI RAGUSA","Province e Città Metropolitane",88,"ind6",1.38803466464265
"80000010886","PROVINCIA REGIONALE DI RAGUSA","Province e Città Metropolitane",88,"ind7",0.0555555555555556
"80000010886","PROVINCIA REGIONALE DI RAGUSA","Province e Città Metropolitane",88,"ind8",0.294117647058824
"80000030181","PROVINCIA DI PAVIA","Province e Città Metropolitane",18,"ind1",0.315789473684211
"80000030181","PROVINCIA DI PAVIA","Province e Città Metropolitane",18,"ind2",0.470588235294118
"80000030181","PROVINCIA DI PAVIA","Province e Città Metropolitane",18,"ind3",0.207440384837671
"80000030181","PROVINCIA DI PAVIA","Province e Città Metropolitane",18,"ind4",0.571428571428571
"80000030181","PROVINCIA DI PAVIA","Province e Città Metropolitane",18,"ind5",1.14712277313274
"80000030181","PROVINCIA DI PAVIA","Province e Città Metropolitane",18,"ind6",NA
"80000030181","PROVINCIA DI PAVIA","Province e Città Metropolitane",18,"ind7",0.387096774193548
"80000030181","PROVINCIA DI PAVIA","Province e Città Metropolitane",18,"ind8",0.3
"80000030538","PROVINCIA DI GROSSETO","Province e Città Metropolitane",53,"ind1",0.166666666666667
"80000030538","PROVINCIA DI GROSSETO","Province e Città Metropolitane",53,"ind2",0.875
"80000030538","PROVINCIA DI GROSSETO","Province e Città Metropolitane",53,"ind3",0.847219349197091
"80000030538","PROVINCIA DI GROSSETO","Province e Città Metropolitane",53,"ind4",0.0454545454545455
"80000030538","PROVINCIA DI GROSSETO","Province e Città Metropolitane",53,"ind5",1.0207318589655
"80000030538","PROVINCIA DI GROSSETO","Province e Città Metropolitane",53,"ind6",1.21433265283845
"80000030538","PROVINCIA DI GROSSETO","Province e Città Metropolitane",53,"ind7",0
"80000030538","PROVINCIA DI GROSSETO","Province e Città Metropolitane",53,"ind8",0.185185185185185
"80000100802","AMMINISTRAZIONE PROVINCIALE REGGIO CALABRIA","Province e Città Metropolitane",80,"ind1",0.1
"80000100802","AMMINISTRAZIONE PROVINCIALE REGGIO CALABRIA","Province e Città Metropolitane",80,"ind2",0.368421052631579
"80000100802","AMMINISTRAZIONE PROVINCIALE REGGIO CALABRIA","Province e Città Metropolitane",80,"ind3",0.138286021365499
"80000100802","AMMINISTRAZIONE PROVINCIALE REGGIO CALABRIA","Province e Città Metropolitane",80,"ind4",0
"80000100802","AMMINISTRAZIONE PROVINCIALE REGGIO CALABRIA","Province e Città Metropolitane",80,"ind5",NA
"80000100802","AMMINISTRAZIONE PROVINCIALE REGGIO CALABRIA","Province e Città Metropolitane",80,"ind6",NA
"80000100802","AMMINISTRAZIONE PROVINCIALE REGGIO CALABRIA","Province e Città Metropolitane",80,"ind7",0.444444444444444
"80000100802","AMMINISTRAZIONE PROVINCIALE REGGIO CALABRIA","Province e Città Metropolitane",80,"ind8",0.9
"80000110728","PROVINCIA DI BARI","Province e Città Metropolitane",72,"ind1",0.15
"80000110728","PROVINCIA DI BARI","Province e Città Metropolitane",72,"ind2",0.422222222222222
"80000110728","PROVINCIA DI BARI","Province e Città Metropolitane",72,"ind3",0.290131178828602
"80000110728","PROVINCIA DI BARI","Province e Città Metropolitane",72,"ind4",0.09375
"80000110728","PROVINCIA DI BARI","Province e Città Metropolitane",72,"ind5",1.01576358951413
"80000110728","PROVINCIA DI BARI","Province e Città Metropolitane",72,"ind6",6.97804961684748
"80000110728","PROVINCIA DI BARI","Province e Città Metropolitane",72,"ind7",0.3
"80000110728","PROVINCIA DI BARI","Province e Città Metropolitane",72,"ind8",0.111111111111111
"80000130692","AMMINISTRAZIONE PROVINCIALE CHIETI","Province e Città Metropolitane",69,"ind1",0
"80000130692","AMMINISTRAZIONE PROVINCIALE CHIETI","Province e Città Metropolitane",69,"ind2",0.947368421052632
"80000130692","AMMINISTRAZIONE PROVINCIALE CHIETI","Province e Città Metropolitane",69,"ind3",0.982212629137369
"80000130692","AMMINISTRAZIONE PROVINCIALE CHIETI","Province e Città Metropolitane",69,"ind4",0.4
"80000130692","AMMINISTRAZIONE PROVINCIALE CHIETI","Province e Città Metropolitane",69,"ind5",1.06287012027943
"80000130692","AMMINISTRAZIONE PROVINCIALE CHIETI","Province e Città Metropolitane",69,"ind6",1.5951528513284
"80000130692","AMMINISTRAZIONE PROVINCIALE CHIETI","Province e Città Metropolitane",69,"ind7",0.333333333333333
"80000130692","AMMINISTRAZIONE PROVINCIALE CHIETI","Province e Città Metropolitane",69,"ind8",0.444444444444444
"80000150450","PROVINCIA DI MASSA CARRARA","Province e Città Metropolitane",45,"ind1",0
"80000150450","PROVINCIA DI MASSA CARRARA","Province e Città Metropolitane",45,"ind2",1
"80000150450","PROVINCIA DI MASSA CARRARA","Province e Città Metropolitane",45,"ind3",1
"80000150450","PROVINCIA DI MASSA CARRARA","Province e Città Metropolitane",45,"ind4",0
"80000150450","PROVINCIA DI MASSA CARRARA","Province e Città Metropolitane",45,"ind5",0.999817851137519
"80000150450","PROVINCIA DI MASSA CARRARA","Province e Città Metropolitane",45,"ind6",1.45104166666667
"80000150450","PROVINCIA DI MASSA CARRARA","Province e Città Metropolitane",45,"ind7",0.3
"80000150450","PROVINCIA DI MASSA CARRARA","Province e Città Metropolitane",45,"ind8",0.428571428571429
"80000190647","AMMINISTRAZIONE PROVINCIALE AVELLINO","Province e Città Metropolitane",64,"ind1",0.0666666666666667
"80000190647","AMMINISTRAZIONE PROVINCIALE AVELLINO","Province e Città Metropolitane",64,"ind2",0.455882352941176
"80000190647","AMMINISTRAZIONE PROVINCIALE AVELLINO","Province e Città Metropolitane",64,"ind3",0.633242985966623
"80000190647","AMMINISTRAZIONE PROVINCIALE AVELLINO","Province e Città Metropolitane",64,"ind4",0.5
"80000190647","AMMINISTRAZIONE PROVINCIALE AVELLINO","Province e Città Metropolitane",64,"ind5",1.01074770284823
"80000190647","AMMINISTRAZIONE PROVINCIALE AVELLINO","Province e Città Metropolitane",64,"ind6",2.69529300923309
"80000190647","AMMINISTRAZIONE PROVINCIALE AVELLINO","Province e Città Metropolitane",64,"ind7",0.764705882352941
"80000190647","AMMINISTRAZIONE PROVINCIALE AVELLINO","Province e Città Metropolitane",64,"ind8",0.533333333333333
"80000390650","AMMINISTRAZIONE PROVINCIALE SALERNO","Province e Città Metropolitane",65,"ind1",0.0277777777777778
"80000390650","AMMINISTRAZIONE PROVINCIALE SALERNO","Province e Città Metropolitane",65,"ind2",0.763888888888889
"80000390650","AMMINISTRAZIONE PROVINCIALE SALERNO","Province e Città Metropolitane",65,"ind3",0.552408072179246
"80000390650","AMMINISTRAZIONE PROVINCIALE SALERNO","Province e Città Metropolitane",65,"ind4",0.0625
"80000390650","AMMINISTRAZIONE PROVINCIALE SALERNO","Province e Città Metropolitane",65,"ind5",0.999838104568441
"80000390650","AMMINISTRAZIONE PROVINCIALE SALERNO","Province e Città Metropolitane",65,"ind6",1.50834541041758
"80000390650","AMMINISTRAZIONE PROVINCIALE SALERNO","Province e Città Metropolitane",65,"ind7",0.307692307692308
"80000390650","AMMINISTRAZIONE PROVINCIALE SALERNO","Province e Città Metropolitane",65,"ind8",0.384615384615385
"80000410508","PROVINCIA DI PISA","Province e Città Metropolitane",50,"ind1",0.0882352941176471
"80000410508","PROVINCIA DI PISA","Province e Città Metropolitane",50,"ind2",0.6
"80000410508","PROVINCIA DI PISA","Province e Città Metropolitane",50,"ind3",0.392936774746261
"80000410508","PROVINCIA DI PISA","Province e Città Metropolitane",50,"ind4",0.4
"80000410508","PROVINCIA DI PISA","Province e Città Metropolitane",50,"ind5",1.11212933229148
"80000410508","PROVINCIA DI PISA","Province e Città Metropolitane",50,"ind6",1.28306796425228
"80000410508","PROVINCIA DI PISA","Province e Città Metropolitane",50,"ind7",0.102040816326531
"80000410508","PROVINCIA DI PISA","Province e Città Metropolitane",50,"ind8",0.285714285714286
"80000610511","PROVINCIA DI AREZZO","Province e Città Metropolitane",51,"ind1",0.2
"80000610511","PROVINCIA DI AREZZO","Province e Città Metropolitane",51,"ind2",0.461538461538462
"80000610511","PROVINCIA DI AREZZO","Province e Città Metropolitane",51,"ind3",0.347169814445712
"80000610511","PROVINCIA DI AREZZO","Province e Città Metropolitane",51,"ind4",0.375
"80000610511","PROVINCIA DI AREZZO","Province e Città Metropolitane",51,"ind5",1.05066500204818
"80000610511","PROVINCIA DI AREZZO","Province e Città Metropolitane",51,"ind6",2.01509471191792
"80000610511","PROVINCIA DI AREZZO","Province e Città Metropolitane",51,"ind7",0.166666666666667
"80000610511","PROVINCIA DI AREZZO","Province e Città Metropolitane",51,"ind8",0.272727272727273
"80000810863","PROVINCIA DI ENNA","Province e Città Metropolitane",86,"ind1",0
"80000810863","PROVINCIA DI ENNA","Province e Città Metropolitane",86,"ind2",0.2
"80000810863","PROVINCIA DI ENNA","Province e Città Metropolitane",86,"ind3",0.126113707694822
"80000810863","PROVINCIA DI ENNA","Province e Città Metropolitane",86,"ind4",NA
"80000810863","PROVINCIA DI ENNA","Province e Città Metropolitane",86,"ind5",NA
"80000810863","PROVINCIA DI ENNA","Province e Città Metropolitane",86,"ind6",NA
"80000810863","PROVINCIA DI ENNA","Province e Città Metropolitane",86,"ind7",0.8
"80000810863","PROVINCIA DI ENNA","Province e Città Metropolitane",86,"ind8",1
"80000970774","AMMINISTRAZIONE PROVINCIALE","Province e Città Metropolitane",77,"ind1",0.5
"80000970774","AMMINISTRAZIONE PROVINCIALE","Province e Città Metropolitane",77,"ind2",0.592592592592593
"80000970774","AMMINISTRAZIONE PROVINCIALE","Province e Città Metropolitane",77,"ind3",0.116418521856518
"80000970774","AMMINISTRAZIONE PROVINCIALE","Province e Città Metropolitane",77,"ind4",0.3
"80000970774","AMMINISTRAZIONE PROVINCIALE","Province e Città Metropolitane",77,"ind5",1.10459005892459
"80000970774","AMMINISTRAZIONE PROVINCIALE","Province e Città Metropolitane",77,"ind6",1.12657766042899
"80000970774","AMMINISTRAZIONE PROVINCIALE","Province e Città Metropolitane",77,"ind7",0.444444444444444
"80000970774","AMMINISTRAZIONE PROVINCIALE","Province e Città Metropolitane",77,"ind8",0.333333333333333
"80001070202","AMMINISTRAZIONE PROVINCIALE DI MANTOVA","Province e Città Metropolitane",20,"ind1",0.137931034482759
"80001070202","AMMINISTRAZIONE PROVINCIALE DI MANTOVA","Province e Città Metropolitane",20,"ind2",0.379310344827586
"80001070202","AMMINISTRAZIONE PROVINCIALE DI MANTOVA","Province e Città Metropolitane",20,"ind3",0.394728150368397
"80001070202","AMMINISTRAZIONE PROVINCIALE DI MANTOVA","Province e Città Metropolitane",20,"ind4",0.476190476190476
"80001070202","AMMINISTRAZIONE PROVINCIALE DI MANTOVA","Province e Città Metropolitane",20,"ind5",1.19418508265412
"80001070202","AMMINISTRAZIONE PROVINCIALE DI MANTOVA","Province e Città Metropolitane",20,"ind6",2.0061364909924
"80001070202","AMMINISTRAZIONE PROVINCIALE DI MANTOVA","Province e Città Metropolitane",20,"ind7",0
"80001070202","AMMINISTRAZIONE PROVINCIALE DI MANTOVA","Province e Città Metropolitane",20,"ind8",0.241379310344828
"80001070673","PROVINCIA DI TERAMO","Province e Città Metropolitane",67,"ind1",0
"80001070673","PROVINCIA DI TERAMO","Province e Città Metropolitane",67,"ind2",1
"80001070673","PROVINCIA DI TERAMO","Province e Città Metropolitane",67,"ind3",1
"80001070673","PROVINCIA DI TERAMO","Province e Città Metropolitane",67,"ind4",0.194690265486726
"80001070673","PROVINCIA DI TERAMO","Province e Città Metropolitane",67,"ind5",1.06445619300193
"80001070673","PROVINCIA DI TERAMO","Province e Città Metropolitane",67,"ind6",2.26429438921392
"80001070673","PROVINCIA DI TERAMO","Province e Città Metropolitane",67,"ind7",0.0857142857142857
"80001070673","PROVINCIA DI TERAMO","Province e Città Metropolitane",67,"ind8",0.0087719298245614
"80001130527","AMMINISTRAZIONE PROVINCIALE","Province e Città Metropolitane",52,"ind1",0.352941176470588
"80001130527","AMMINISTRAZIONE PROVINCIALE","Province e Città Metropolitane",52,"ind2",0.884615384615385
"80001130527","AMMINISTRAZIONE PROVINCIALE","Province e Città Metropolitane",52,"ind3",0.975107626538288
"80001130527","AMMINISTRAZIONE PROVINCIALE","Province e Città Metropolitane",52,"ind4",0.272727272727273
"80001130527","AMMINISTRAZIONE PROVINCIALE","Province e Città Metropolitane",52,"ind5",1.01757771570789
"80001130527","AMMINISTRAZIONE PROVINCIALE","Province e Città Metropolitane",52,"ind6",0.983241758241758
"80001130527","AMMINISTRAZIONE PROVINCIALE","Province e Città Metropolitane",52,"ind7",0.0526315789473684
"80001130527","AMMINISTRAZIONE PROVINCIALE","Province e Città Metropolitane",52,"ind8",0.266666666666667
"80001210469","AMMINISTRAZIONE PROVINCIALE DI LUCCA","Province e Città Metropolitane",46,"ind1",0.230769230769231
"80001210469","AMMINISTRAZIONE PROVINCIALE DI LUCCA","Province e Città Metropolitane",46,"ind2",0.769230769230769
"80001210469","AMMINISTRAZIONE PROVINCIALE DI LUCCA","Province e Città Metropolitane",46,"ind3",0.65994324821677
"80001210469","AMMINISTRAZIONE PROVINCIALE DI LUCCA","Province e Città Metropolitane",46,"ind4",0
"80001210469","AMMINISTRAZIONE PROVINCIALE DI LUCCA","Province e Città Metropolitane",46,"ind5",0.994147313994913
"80001210469","AMMINISTRAZIONE PROVINCIALE DI LUCCA","Province e Città Metropolitane",46,"ind6",2.91666666666667
"80001210469","AMMINISTRAZIONE PROVINCIALE DI LUCCA","Province e Città Metropolitane",46,"ind7",0.222222222222222
"80001210469","AMMINISTRAZIONE PROVINCIALE DI LUCCA","Province e Città Metropolitane",46,"ind8",0.142857142857143
"80001250432","PROVINCIA DI MACERATA","Province e Città Metropolitane",43,"ind1",0.032258064516129
"80001250432","PROVINCIA DI MACERATA","Province e Città Metropolitane",43,"ind2",0.897435897435897
"80001250432","PROVINCIA DI MACERATA","Province e Città Metropolitane",43,"ind3",0.460599517478583
"80001250432","PROVINCIA DI MACERATA","Province e Città Metropolitane",43,"ind4",0.0555555555555556
"80001250432","PROVINCIA DI MACERATA","Province e Città Metropolitane",43,"ind5",1.00438905762471
"80001250432","PROVINCIA DI MACERATA","Province e Città Metropolitane",43,"ind6",2.22122888669568
"80001250432","PROVINCIA DI MACERATA","Province e Città Metropolitane",43,"ind7",0
"80001250432","PROVINCIA DI MACERATA","Province e Città Metropolitane",43,"ind8",0
"80001550401","AMMINISTRAZIONE PROVINCIALE DI FORLI'-CESENA","Province e Città Metropolitane",40,"ind1",0.5
"80001550401","AMMINISTRAZIONE PROVINCIALE DI FORLI'-CESENA","Province e Città Metropolitane",40,"ind2",0.884615384615385
"80001550401","AMMINISTRAZIONE PROVINCIALE DI FORLI'-CESENA","Province e Città Metropolitane",40,"ind3",0.290516497654866
"80001550401","AMMINISTRAZIONE PROVINCIALE DI FORLI'-CESENA","Province e Città Metropolitane",40,"ind4",0
"80001550401","AMMINISTRAZIONE PROVINCIALE DI FORLI'-CESENA","Province e Città Metropolitane",40,"ind5",0.999075325788105
"80001550401","AMMINISTRAZIONE PROVINCIALE DI FORLI'-CESENA","Province e Città Metropolitane",40,"ind6",0.984049977076921
"80001550401","AMMINISTRAZIONE PROVINCIALE DI FORLI'-CESENA","Province e Città Metropolitane",40,"ind7",0.25
"80001550401","AMMINISTRAZIONE PROVINCIALE DI FORLI'-CESENA","Province e Città Metropolitane",40,"ind8",0.0952380952380952
"80001630054","AMMINISTRAZIONE PROVINCIALE DI ASTI","Province e Città Metropolitane",5,"ind1",0.75
"80001630054","AMMINISTRAZIONE PROVINCIALE DI ASTI","Province e Città Metropolitane",5,"ind2",1
"80001630054","AMMINISTRAZIONE PROVINCIALE DI ASTI","Province e Città Metropolitane",5,"ind3",1
"80001630054","AMMINISTRAZIONE PROVINCIALE DI ASTI","Province e Città Metropolitane",5,"ind4",0.2
"80001630054","AMMINISTRAZIONE PROVINCIALE DI ASTI","Province e Città Metropolitane",5,"ind5",1.02558557712072
"80001630054","AMMINISTRAZIONE PROVINCIALE DI ASTI","Province e Città Metropolitane",5,"ind6",NA
"80001630054","AMMINISTRAZIONE PROVINCIALE DI ASTI","Province e Città Metropolitane",5,"ind7",0.142857142857143
"80001630054","AMMINISTRAZIONE PROVINCIALE DI ASTI","Province e Città Metropolitane",5,"ind8",0
"80001670894","AMMINISTRAZIONE PROVINCIALE DI SIRACUSA","Province e Città Metropolitane",89,"ind1",0.333333333333333
"80001670894","AMMINISTRAZIONE PROVINCIALE DI SIRACUSA","Province e Città Metropolitane",89,"ind2",0.2
"80001670894","AMMINISTRAZIONE PROVINCIALE DI SIRACUSA","Province e Città Metropolitane",89,"ind3",0.1222125353991
"80001670894","AMMINISTRAZIONE PROVINCIALE DI SIRACUSA","Province e Città Metropolitane",89,"ind4",0.428571428571429
"80001670894","AMMINISTRAZIONE PROVINCIALE DI SIRACUSA","Province e Città Metropolitane",89,"ind5",1.04289744268561
"80001670894","AMMINISTRAZIONE PROVINCIALE DI SIRACUSA","Province e Città Metropolitane",89,"ind6",1.04927584670232
"80001670894","AMMINISTRAZIONE PROVINCIALE DI SIRACUSA","Province e Città Metropolitane",89,"ind7",0.1
"80001670894","AMMINISTRAZIONE PROVINCIALE DI SIRACUSA","Province e Città Metropolitane",89,"ind8",0.222222222222222
"80002130195","PROVINCIA DI CREMONA","Province e Città Metropolitane",19,"ind1",0.0909090909090909
"80002130195","PROVINCIA DI CREMONA","Province e Città Metropolitane",19,"ind2",1
"80002130195","PROVINCIA DI CREMONA","Province e Città Metropolitane",19,"ind3",1
"80002130195","PROVINCIA DI CREMONA","Province e Città Metropolitane",19,"ind4",0.75
"80002130195","PROVINCIA DI CREMONA","Province e Città Metropolitane",19,"ind5",1.12990531568868
"80002130195","PROVINCIA DI CREMONA","Province e Città Metropolitane",19,"ind6",1.19322344322344
"80002130195","PROVINCIA DI CREMONA","Province e Città Metropolitane",19,"ind7",0
"80002130195","PROVINCIA DI CREMONA","Province e Città Metropolitane",19,"ind8",0.0769230769230769
"80002590844","PROVINCIA REGIONALE AGRIGENTO","Province e Città Metropolitane",84,"ind1",0
"80002590844","PROVINCIA REGIONALE AGRIGENTO","Province e Città Metropolitane",84,"ind2",0.15
"80002590844","PROVINCIA REGIONALE AGRIGENTO","Province e Città Metropolitane",84,"ind3",0.0438151344363034
"80002590844","PROVINCIA REGIONALE AGRIGENTO","Province e Città Metropolitane",84,"ind4",0.545454545454545
"80002590844","PROVINCIA REGIONALE AGRIGENTO","Province e Città Metropolitane",84,"ind5",1.06166818883423
"80002590844","PROVINCIA REGIONALE AGRIGENTO","Province e Città Metropolitane",84,"ind6",1.01816361115193
"80002590844","PROVINCIA REGIONALE AGRIGENTO","Province e Città Metropolitane",84,"ind7",0.105263157894737
"80002590844","PROVINCIA REGIONALE AGRIGENTO","Province e Città Metropolitane",84,"ind8",0.266666666666667
"80002710764","PROVINCIA DI POTENZA","Province e Città Metropolitane",76,"ind1",0.0666666666666667
"80002710764","PROVINCIA DI POTENZA","Province e Città Metropolitane",76,"ind2",0.625
"80002710764","PROVINCIA DI POTENZA","Province e Città Metropolitane",76,"ind3",0.285103084845239
"80002710764","PROVINCIA DI POTENZA","Province e Città Metropolitane",76,"ind4",0.2
"80002710764","PROVINCIA DI POTENZA","Province e Città Metropolitane",76,"ind5",1.01636964028575
"80002710764","PROVINCIA DI POTENZA","Province e Città Metropolitane",76,"ind6",1.63548696348725
"80002710764","PROVINCIA DI POTENZA","Province e Città Metropolitane",76,"ind7",0.0625
"80002710764","PROVINCIA DI POTENZA","Province e Città Metropolitane",76,"ind8",0.333333333333333
"80002760835","PROVINCIA REGIONALE DI MESSINA","Province e Città Metropolitane",83,"ind1",0.5
"80002760835","PROVINCIA REGIONALE DI MESSINA","Province e Città Metropolitane",83,"ind2",0.666666666666667
"80002760835","PROVINCIA REGIONALE DI MESSINA","Province e Città Metropolitane",83,"ind3",0.23224614895894
"80002760835","PROVINCIA REGIONALE DI MESSINA","Province e Città Metropolitane",83,"ind4",0.2
"80002760835","PROVINCIA REGIONALE DI MESSINA","Province e Città Metropolitane",83,"ind5",NA
"80002760835","PROVINCIA REGIONALE DI MESSINA","Province e Città Metropolitane",83,"ind6",2.70869565217391
"80002760835","PROVINCIA REGIONALE DI MESSINA","Province e Città Metropolitane",83,"ind7",0.0666666666666667
"80002760835","PROVINCIA REGIONALE DI MESSINA","Province e Città Metropolitane",83,"ind8",0.352941176470588
"80002950147","AMMINISTRAZIONE PROVINCIALE DI SONDRIO","Province e Città Metropolitane",14,"ind1",0.2
"80002950147","AMMINISTRAZIONE PROVINCIALE DI SONDRIO","Province e Città Metropolitane",14,"ind2",0.704545454545455
"80002950147","AMMINISTRAZIONE PROVINCIALE DI SONDRIO","Province e Città Metropolitane",14,"ind3",0.640062394819176
"80002950147","AMMINISTRAZIONE PROVINCIALE DI SONDRIO","Province e Città Metropolitane",14,"ind4",0.131578947368421
"80002950147","AMMINISTRAZIONE PROVINCIALE DI SONDRIO","Province e Città Metropolitane",14,"ind5",0.987393535055724
"80002950147","AMMINISTRAZIONE PROVINCIALE DI SONDRIO","Province e Città Metropolitane",14,"ind6",1.26321138211382
"80002950147","AMMINISTRAZIONE PROVINCIALE DI SONDRIO","Province e Città Metropolitane",14,"ind7",0.0277777777777778
"80002950147","AMMINISTRAZIONE PROVINCIALE DI SONDRIO","Province e Città Metropolitane",14,"ind8",0.116279069767442
"80003090794","AMMINISTRAZIONE PROVINCIALE CZ","Province e Città Metropolitane",79,"ind1",0.05
"80003090794","AMMINISTRAZIONE PROVINCIALE CZ","Province e Città Metropolitane",79,"ind2",0.431818181818182
"80003090794","AMMINISTRAZIONE PROVINCIALE CZ","Province e Città Metropolitane",79,"ind3",0.500331028295275
"80003090794","AMMINISTRAZIONE PROVINCIALE CZ","Province e Città Metropolitane",79,"ind4",0.222222222222222
"80003090794","AMMINISTRAZIONE PROVINCIALE CZ","Province e Città Metropolitane",79,"ind5",1.1968810588325
"80003090794","AMMINISTRAZIONE PROVINCIALE CZ","Province e Città Metropolitane",79,"ind6",1.08474029699828
"80003090794","AMMINISTRAZIONE PROVINCIALE CZ","Province e Città Metropolitane",79,"ind7",0.333333333333333
"80003090794","AMMINISTRAZIONE PROVINCIALE CZ","Province e Città Metropolitane",79,"ind8",0.666666666666667
"80003530591","AMMINISTRAZIONE PROVINCIALE DI LATINA","Province e Città Metropolitane",59,"ind1",0
"80003530591","AMMINISTRAZIONE PROVINCIALE DI LATINA","Province e Città Metropolitane",59,"ind2",0.952380952380952
"80003530591","AMMINISTRAZIONE PROVINCIALE DI LATINA","Province e Città Metropolitane",59,"ind3",0.962357938058338
"80003530591","AMMINISTRAZIONE PROVINCIALE DI LATINA","Province e Città Metropolitane",59,"ind4",0
"80003530591","AMMINISTRAZIONE PROVINCIALE DI LATINA","Province e Città Metropolitane",59,"ind5",0.974074074074074
"80003530591","AMMINISTRAZIONE PROVINCIALE DI LATINA","Province e Città Metropolitane",59,"ind6",0.924882629107981
"80003530591","AMMINISTRAZIONE PROVINCIALE DI LATINA","Province e Città Metropolitane",59,"ind7",0.764705882352941
"80003530591","AMMINISTRAZIONE PROVINCIALE DI LATINA","Province e Città Metropolitane",59,"ind8",0.6
"80003710789","AMMINISTRAZIONE PROVINCIALE DI COSENZA","Province e Città Metropolitane",78,"ind1",0.684210526315789
"80003710789","AMMINISTRAZIONE PROVINCIALE DI COSENZA","Province e Città Metropolitane",78,"ind2",0.217391304347826
"80003710789","AMMINISTRAZIONE PROVINCIALE DI COSENZA","Province e Città Metropolitane",78,"ind3",0.103948792235537
"80003710789","AMMINISTRAZIONE PROVINCIALE DI COSENZA","Province e Città Metropolitane",78,"ind4",0
"80003710789","AMMINISTRAZIONE PROVINCIALE DI COSENZA","Province e Città Metropolitane",78,"ind5",0.999311442975884
"80003710789","AMMINISTRAZIONE PROVINCIALE DI COSENZA","Province e Città Metropolitane",78,"ind6",0.996632996632997
"80003710789","AMMINISTRAZIONE PROVINCIALE DI COSENZA","Province e Città Metropolitane",78,"ind7",0.523809523809524
"80003710789","AMMINISTRAZIONE PROVINCIALE DI COSENZA","Province e Città Metropolitane",78,"ind8",0.761904761904762
"80003870062","PROVINCIA DI ALESSANDRIA","Province e Città Metropolitane",6,"ind1",0.388888888888889
"80003870062","PROVINCIA DI ALESSANDRIA","Province e Città Metropolitane",6,"ind2",0.8
"80003870062","PROVINCIA DI ALESSANDRIA","Province e Città Metropolitane",6,"ind3",0.472598755770545
"80003870062","PROVINCIA DI ALESSANDRIA","Province e Città Metropolitane",6,"ind4",0.230769230769231
"80003870062","PROVINCIA DI ALESSANDRIA","Province e Città Metropolitane",6,"ind5",1.09846117133305
"80003870062","PROVINCIA DI ALESSANDRIA","Province e Città Metropolitane",6,"ind6",1.36954890386938
"80003870062","PROVINCIA DI ALESSANDRIA","Province e Città Metropolitane",6,"ind7",0.0769230769230769
"80003870062","PROVINCIA DI ALESSANDRIA","Province e Città Metropolitane",6,"ind8",0.666666666666667
"80004770618","PROVINCIA DI CASERTA","Province e Città Metropolitane",61,"ind1",0.0416666666666667
"80004770618","PROVINCIA DI CASERTA","Province e Città Metropolitane",61,"ind2",0.818181818181818
"80004770618","PROVINCIA DI CASERTA","Province e Città Metropolitane",61,"ind3",0.490360340110827
"80004770618","PROVINCIA DI CASERTA","Province e Città Metropolitane",61,"ind4",0.333333333333333
"80004770618","PROVINCIA DI CASERTA","Province e Città Metropolitane",61,"ind5",1.07240845033488
"80004770618","PROVINCIA DI CASERTA","Province e Città Metropolitane",61,"ind6",1.30062382747473
"80004770618","PROVINCIA DI CASERTA","Province e Città Metropolitane",61,"ind7",0.25
"80004770618","PROVINCIA DI CASERTA","Province e Città Metropolitane",61,"ind8",0.52
"80004870160","PROVINCIA DI BERGAMO","Province e Città Metropolitane",16,"ind1",0.576923076923077
"80004870160","PROVINCIA DI BERGAMO","Province e Città Metropolitane",16,"ind2",0.989583333333333
"80004870160","PROVINCIA DI BERGAMO","Province e Città Metropolitane",16,"ind3",0.985456442431578
"80004870160","PROVINCIA DI BERGAMO","Province e Città Metropolitane",16,"ind4",0.162162162162162
"80004870160","PROVINCIA DI BERGAMO","Province e Città Metropolitane",16,"ind5",1.01268319489732
"80004870160","PROVINCIA DI BERGAMO","Province e Città Metropolitane",16,"ind6",4.48881856540084
"80004870160","PROVINCIA DI BERGAMO","Province e Città Metropolitane",16,"ind7",0.606060606060606
"80004870160","PROVINCIA DI BERGAMO","Province e Città Metropolitane",16,"ind8",0.13953488372093
"80004930733","AMMINISTRAZIONE PROVINCIALE TARANTO","Province e Città Metropolitane",73,"ind1",0.285714285714286
"80004930733","AMMINISTRAZIONE PROVINCIALE TARANTO","Province e Città Metropolitane",73,"ind2",0.764705882352941
"80004930733","AMMINISTRAZIONE PROVINCIALE TARANTO","Province e Città Metropolitane",73,"ind3",0.313881953654217
"80004930733","AMMINISTRAZIONE PROVINCIALE TARANTO","Province e Città Metropolitane",73,"ind4",0
"80004930733","AMMINISTRAZIONE PROVINCIALE TARANTO","Province e Città Metropolitane",73,"ind5",NA
"80004930733","AMMINISTRAZIONE PROVINCIALE TARANTO","Province e Città Metropolitane",73,"ind6",1.06336992394892
"80004930733","AMMINISTRAZIONE PROVINCIALE TARANTO","Province e Città Metropolitane",73,"ind7",0.125
"80004930733","AMMINISTRAZIONE PROVINCIALE TARANTO","Province e Città Metropolitane",73,"ind8",0.416666666666667
"80005210028","AMMINISTRAZIONE PROVINCIALE DI VERCELLI","Province e Città Metropolitane",2,"ind1",0.7
"80005210028","AMMINISTRAZIONE PROVINCIALE DI VERCELLI","Province e Città Metropolitane",2,"ind2",0.763636363636364
"80005210028","AMMINISTRAZIONE PROVINCIALE DI VERCELLI","Province e Città Metropolitane",2,"ind3",0.780462465524602
"80005210028","AMMINISTRAZIONE PROVINCIALE DI VERCELLI","Province e Città Metropolitane",2,"ind4",0
"80005210028","AMMINISTRAZIONE PROVINCIALE DI VERCELLI","Province e Città Metropolitane",2,"ind5",1.00708352956927
"80005210028","AMMINISTRAZIONE PROVINCIALE DI VERCELLI","Province e Città Metropolitane",2,"ind6",NA
"80005210028","AMMINISTRAZIONE PROVINCIALE DI VERCELLI","Province e Città Metropolitane",2,"ind7",0.245283018867925
"80005210028","AMMINISTRAZIONE PROVINCIALE DI VERCELLI","Province e Città Metropolitane",2,"ind8",0.15
"80005570561","AMMINISTRAZIONE PROVINCIALE DI VITERBO","Province e Città Metropolitane",56,"ind1",0.3125
"80005570561","AMMINISTRAZIONE PROVINCIALE DI VITERBO","Province e Città Metropolitane",56,"ind2",0.54
"80005570561","AMMINISTRAZIONE PROVINCIALE DI VITERBO","Province e Città Metropolitane",56,"ind3",0.201444635215955
"80005570561","AMMINISTRAZIONE PROVINCIALE DI VITERBO","Province e Città Metropolitane",56,"ind4",0
"80005570561","AMMINISTRAZIONE PROVINCIALE DI VITERBO","Province e Città Metropolitane",56,"ind5",0.889927694044433
"80005570561","AMMINISTRAZIONE PROVINCIALE DI VITERBO","Province e Città Metropolitane",56,"ind6",1
"80005570561","AMMINISTRAZIONE PROVINCIALE DI VITERBO","Province e Città Metropolitane",56,"ind7",0.638297872340426
"80005570561","AMMINISTRAZIONE PROVINCIALE DI VITERBO","Province e Città Metropolitane",56,"ind8",0.75
"80006510285","PROVINCIA DI PADOVA","Province e Città Metropolitane",28,"ind1",0.0384615384615385
"80006510285","PROVINCIA DI PADOVA","Province e Città Metropolitane",28,"ind2",0.256410256410256
"80006510285","PROVINCIA DI PADOVA","Province e Città Metropolitane",28,"ind3",0.0454140450895298
"80006510285","PROVINCIA DI PADOVA","Province e Città Metropolitane",28,"ind4",0.0454545454545455
"80006510285","PROVINCIA DI PADOVA","Province e Città Metropolitane",28,"ind5",1.00164064959257
"80006510285","PROVINCIA DI PADOVA","Province e Città Metropolitane",28,"ind6",0.860401304385452
"80006510285","PROVINCIA DI PADOVA","Province e Città Metropolitane",28,"ind7",0.0689655172413793
"80006510285","PROVINCIA DI PADOVA","Province e Città Metropolitane",28,"ind8",0.185185185185185
"80007350103","PROVINCIA DI GENOVA","Province e Città Metropolitane",10,"ind1",0.5
"80007350103","PROVINCIA DI GENOVA","Province e Città Metropolitane",10,"ind2",0.8
"80007350103","PROVINCIA DI GENOVA","Province e Città Metropolitane",10,"ind3",0.124863187428578
"80007350103","PROVINCIA DI GENOVA","Province e Città Metropolitane",10,"ind4",0.166666666666667
"80007350103","PROVINCIA DI GENOVA","Province e Città Metropolitane",10,"ind5",1.01565210661349
"80007350103","PROVINCIA DI GENOVA","Province e Città Metropolitane",10,"ind6",NA
"80007350103","PROVINCIA DI GENOVA","Province e Città Metropolitane",10,"ind7",0.0769230769230769
"80007350103","PROVINCIA DI GENOVA","Province e Città Metropolitane",10,"ind8",0.0769230769230769
"80008750178","PROVINCIA DI BRESCIA","Province e Città Metropolitane",17,"ind1",0.707317073170732
"80008750178","PROVINCIA DI BRESCIA","Province e Città Metropolitane",17,"ind2",0.333333333333333
"80008750178","PROVINCIA DI BRESCIA","Province e Città Metropolitane",17,"ind3",0.0314791807409427
"80008750178","PROVINCIA DI BRESCIA","Province e Città Metropolitane",17,"ind4",0.709677419354839
"80008750178","PROVINCIA DI BRESCIA","Province e Città Metropolitane",17,"ind5",1.10345590361764
"80008750178","PROVINCIA DI BRESCIA","Province e Città Metropolitane",17,"ind6",2.84515615852013
"80008750178","PROVINCIA DI BRESCIA","Province e Città Metropolitane",17,"ind7",0.0465116279069767
"80008750178","PROVINCIA DI BRESCIA","Province e Città Metropolitane",17,"ind8",0.184210526315789
"80011010495","PROVINCIA DI LIVORNO","Province e Città Metropolitane",49,"ind1",0.25
"80011010495","PROVINCIA DI LIVORNO","Province e Città Metropolitane",49,"ind2",1
"80011010495","PROVINCIA DI LIVORNO","Province e Città Metropolitane",49,"ind3",1
"80011010495","PROVINCIA DI LIVORNO","Province e Città Metropolitane",49,"ind4",0.25
"80011010495","PROVINCIA DI LIVORNO","Province e Città Metropolitane",49,"ind5",1.03987153122561
"80011010495","PROVINCIA DI LIVORNO","Province e Città Metropolitane",49,"ind6",1.30482481731356
"80011010495","PROVINCIA DI LIVORNO","Province e Città Metropolitane",49,"ind7",0.2
"80011010495","PROVINCIA DI LIVORNO","Province e Città Metropolitane",49,"ind8",0.166666666666667
"80015230347","AMMINISTRAZIONE PROVINCIALE DI PARMA","Province e Città Metropolitane",34,"ind1",0
"80015230347","AMMINISTRAZIONE PROVINCIALE DI PARMA","Province e Città Metropolitane",34,"ind2",0.958333333333333
"80015230347","AMMINISTRAZIONE PROVINCIALE DI PARMA","Province e Città Metropolitane",34,"ind3",0.961163208614439
"80015230347","AMMINISTRAZIONE PROVINCIALE DI PARMA","Province e Città Metropolitane",34,"ind4",0
"80015230347","AMMINISTRAZIONE PROVINCIALE DI PARMA","Province e Città Metropolitane",34,"ind5",1.04065499441079
"80015230347","AMMINISTRAZIONE PROVINCIALE DI PARMA","Province e Città Metropolitane",34,"ind6",2.56388801054018
"80015230347","AMMINISTRAZIONE PROVINCIALE DI PARMA","Province e Città Metropolitane",34,"ind7",0
"80015230347","AMMINISTRAZIONE PROVINCIALE DI PARMA","Province e Città Metropolitane",34,"ind8",0.434782608695652
"80016450480","AMMINISTRAZIONE PROVINCIALE DI FIRENZE","Province e Città Metropolitane",48,"ind1",0.327586206896552
"80016450480","AMMINISTRAZIONE PROVINCIALE DI FIRENZE","Province e Città Metropolitane",48,"ind2",0.725274725274725
"80016450480","AMMINISTRAZIONE PROVINCIALE DI FIRENZE","Province e Città Metropolitane",48,"ind3",0.128419955191218
"80016450480","AMMINISTRAZIONE PROVINCIALE DI FIRENZE","Province e Città Metropolitane",48,"ind4",0.15
"80016450480","AMMINISTRAZIONE PROVINCIALE DI FIRENZE","Province e Città Metropolitane",48,"ind5",1.03717284246842
"80016450480","AMMINISTRAZIONE PROVINCIALE DI FIRENZE","Province e Città Metropolitane",48,"ind6",0.930560080050012
"80016450480","AMMINISTRAZIONE PROVINCIALE DI FIRENZE","Province e Città Metropolitane",48,"ind7",0.191780821917808
"80016450480","AMMINISTRAZIONE PROVINCIALE DI FIRENZE","Province e Città Metropolitane",48,"ind8",0.596153846153846
"80021470820","CITTA'METROPOLITANA DI PALERMO","Province e Città Metropolitane",82,"ind1",0.294117647058824
"80021470820","CITTA'METROPOLITANA DI PALERMO","Province e Città Metropolitane",82,"ind2",0.833333333333333
"80021470820","CITTA'METROPOLITANA DI PALERMO","Province e Città Metropolitane",82,"ind3",0.813801208692441
"80021470820","CITTA'METROPOLITANA DI PALERMO","Province e Città Metropolitane",82,"ind4",0.444444444444444
"80021470820","CITTA'METROPOLITANA DI PALERMO","Province e Città Metropolitane",82,"ind5",1.09683187321878
"80021470820","CITTA'METROPOLITANA DI PALERMO","Province e Città Metropolitane",82,"ind6",0.98820129899226
"80021470820","CITTA'METROPOLITANA DI PALERMO","Province e Città Metropolitane",82,"ind7",0.260869565217391
"80021470820","CITTA'METROPOLITANA DI PALERMO","Province e Città Metropolitane",82,"ind8",0.444444444444444
"80034390585","PROVINCIA DI ROMA","Province e Città Metropolitane",58,"ind1",0.481481481481481
"80034390585","PROVINCIA DI ROMA","Province e Città Metropolitane",58,"ind2",0.462962962962963
"80034390585","PROVINCIA DI ROMA","Province e Città Metropolitane",58,"ind3",0.0488730373005826
"80034390585","PROVINCIA DI ROMA","Province e Città Metropolitane",58,"ind4",0.0869565217391304
"80034390585","PROVINCIA DI ROMA","Province e Città Metropolitane",58,"ind5",1.06513320319419
"80034390585","PROVINCIA DI ROMA","Province e Città Metropolitane",58,"ind6",0.943077679895862
"80034390585","PROVINCIA DI ROMA","Province e Città Metropolitane",58,"ind7",0.2
"80034390585","PROVINCIA DI ROMA","Province e Città Metropolitane",58,"ind8",0.351351351351351
"90027160028","AMMINISTRAZIONE PROVINCIALE DI BIELLA","Province e Città Metropolitane",96,"ind1",0
"90027160028","AMMINISTRAZIONE PROVINCIALE DI BIELLA","Province e Città Metropolitane",96,"ind2",0.315789473684211
"90027160028","AMMINISTRAZIONE PROVINCIALE DI BIELLA","Province e Città Metropolitane",96,"ind3",0.0625055353504419
"90027160028","AMMINISTRAZIONE PROVINCIALE DI BIELLA","Province e Città Metropolitane",96,"ind4",0.5
"90027160028","AMMINISTRAZIONE PROVINCIALE DI BIELLA","Province e Città Metropolitane",96,"ind5",1.43991674933616
"90027160028","AMMINISTRAZIONE PROVINCIALE DI BIELLA","Province e Città Metropolitane",96,"ind6",1.48320218737902
"90027160028","AMMINISTRAZIONE PROVINCIALE DI BIELLA","Province e Città Metropolitane",96,"ind7",0.466666666666667
"90027160028","AMMINISTRAZIONE PROVINCIALE DI BIELLA","Province e Città Metropolitane",96,"ind8",0.555555555555556
"90038150927","AMMINISTRAZIONE PROVINCIALE DEL SUD SARDEGNA","Province e Città Metropolitane",111,"ind1",0.714285714285714
"90038150927","AMMINISTRAZIONE PROVINCIALE DEL SUD SARDEGNA","Province e Città Metropolitane",111,"ind2",0.571428571428571
"90038150927","AMMINISTRAZIONE PROVINCIALE DEL SUD SARDEGNA","Province e Città Metropolitane",111,"ind3",0.246260695724926
"90038150927","AMMINISTRAZIONE PROVINCIALE DEL SUD SARDEGNA","Province e Città Metropolitane",111,"ind4",0
"90038150927","AMMINISTRAZIONE PROVINCIALE DEL SUD SARDEGNA","Province e Città Metropolitane",111,"ind5",1.09251544466795
"90038150927","AMMINISTRAZIONE PROVINCIALE DEL SUD SARDEGNA","Province e Città Metropolitane",111,"ind6",1.578563896079
"90038150927","AMMINISTRAZIONE PROVINCIALE DEL SUD SARDEGNA","Province e Città Metropolitane",111,"ind7",0.611111111111111
"90038150927","AMMINISTRAZIONE PROVINCIALE DEL SUD SARDEGNA","Province e Città Metropolitane",111,"ind8",0.5
"90038780442","AMMINISTRAZIONE PROVINCIALE DI FERMO","Province e Città Metropolitane",109,"ind1",0.579831932773109
"90038780442","AMMINISTRAZIONE PROVINCIALE DI FERMO","Province e Città Metropolitane",109,"ind2",0.496240601503759
"90038780442","AMMINISTRAZIONE PROVINCIALE DI FERMO","Province e Città Metropolitane",109,"ind3",0.140869601340634
"90038780442","AMMINISTRAZIONE PROVINCIALE DI FERMO","Province e Città Metropolitane",109,"ind4",0
"90038780442","AMMINISTRAZIONE PROVINCIALE DI FERMO","Province e Città Metropolitane",109,"ind5",NA
"90038780442","AMMINISTRAZIONE PROVINCIALE DI FERMO","Province e Città Metropolitane",109,"ind6",1.58677685950413
"90038780442","AMMINISTRAZIONE PROVINCIALE DI FERMO","Province e Città Metropolitane",109,"ind7",0.0681818181818182
"90038780442","AMMINISTRAZIONE PROVINCIALE DI FERMO","Province e Città Metropolitane",109,"ind8",0
"91023860405","PROVINCIA DI RIMINI","Province e Città Metropolitane",99,"ind1",0.3
"91023860405","PROVINCIA DI RIMINI","Province e Città Metropolitane",99,"ind2",1
"91023860405","PROVINCIA DI RIMINI","Province e Città Metropolitane",99,"ind3",1
"91023860405","PROVINCIA DI RIMINI","Province e Città Metropolitane",99,"ind4",0.142857142857143
"91023860405","PROVINCIA DI RIMINI","Province e Città Metropolitane",99,"ind5",1.04908750848054
"91023860405","PROVINCIA DI RIMINI","Province e Città Metropolitane",99,"ind6",0.984907556877274
"91023860405","PROVINCIA DI RIMINI","Province e Città Metropolitane",99,"ind7",0.333333333333333
"91023860405","PROVINCIA DI RIMINI","Province e Città Metropolitane",99,"ind8",0.363636363636364
"92002770623","AMMINISTRAZIONE PROVINCIALE DI BENEVENTO","Province e Città Metropolitane",62,"ind1",0.4
"92002770623","AMMINISTRAZIONE PROVINCIALE DI BENEVENTO","Province e Città Metropolitane",62,"ind2",0.675675675675676
"92002770623","AMMINISTRAZIONE PROVINCIALE DI BENEVENTO","Province e Città Metropolitane",62,"ind3",0.254599697811336
"92002770623","AMMINISTRAZIONE PROVINCIALE DI BENEVENTO","Province e Città Metropolitane",62,"ind4",0.333333333333333
"92002770623","AMMINISTRAZIONE PROVINCIALE DI BENEVENTO","Province e Città Metropolitane",62,"ind5",NA
"92002770623","AMMINISTRAZIONE PROVINCIALE DI BENEVENTO","Province e Città Metropolitane",62,"ind6",4.59913022254765
"92002770623","AMMINISTRAZIONE PROVINCIALE DI BENEVENTO","Province e Città Metropolitane",62,"ind7",0.857142857142857
"92002770623","AMMINISTRAZIONE PROVINCIALE DI BENEVENTO","Province e Città Metropolitane",62,"ind8",0.4
"92035800488","PROVINCIA PRATO","Province e Città Metropolitane",100,"ind1",NA
"92035800488","PROVINCIA PRATO","Province e Città Metropolitane",100,"ind2",1
"92035800488","PROVINCIA PRATO","Province e Città Metropolitane",100,"ind3",1
"92035800488","PROVINCIA PRATO","Province e Città Metropolitane",100,"ind4",0
"92035800488","PROVINCIA PRATO","Province e Città Metropolitane",100,"ind5",0.989414951517047
"92035800488","PROVINCIA PRATO","Province e Città Metropolitane",100,"ind6",0.878423772609819
"92035800488","PROVINCIA PRATO","Province e Città Metropolitane",100,"ind7",0
"92035800488","PROVINCIA PRATO","Province e Città Metropolitane",100,"ind8",0
"92514470159","PROVINCIA DI LODI","Province e Città Metropolitane",98,"ind1",0.0769230769230769
"92514470159","PROVINCIA DI LODI","Province e Città Metropolitane",98,"ind2",0.851063829787234
"92514470159","PROVINCIA DI LODI","Province e Città Metropolitane",98,"ind3",0.359132079136633
"92514470159","PROVINCIA DI LODI","Province e Città Metropolitane",98,"ind4",0.666666666666667
"92514470159","PROVINCIA DI LODI","Province e Città Metropolitane",98,"ind5",1.06403267421654
"92514470159","PROVINCIA DI LODI","Province e Città Metropolitane",98,"ind6",2.27708333333333
"92514470159","PROVINCIA DI LODI","Province e Città Metropolitane",98,"ind7",0.675
"92514470159","PROVINCIA DI LODI","Province e Città Metropolitane",98,"ind8",0.0769230769230769
"93004780818","PROVINCIA REGIONALE DI TRAPANI","Province e Città Metropolitane",81,"ind1",0.0909090909090909
"93004780818","PROVINCIA REGIONALE DI TRAPANI","Province e Città Metropolitane",81,"ind2",0.277777777777778
"93004780818","PROVINCIA REGIONALE DI TRAPANI","Province e Città Metropolitane",81,"ind3",0.0993135510607712
"93004780818","PROVINCIA REGIONALE DI TRAPANI","Province e Città Metropolitane",81,"ind4",0.357142857142857
"93004780818","PROVINCIA REGIONALE DI TRAPANI","Province e Città Metropolitane",81,"ind5",1.09721294865306
"93004780818","PROVINCIA REGIONALE DI TRAPANI","Province e Città Metropolitane",81,"ind6",1.47732851073727
"93004780818","PROVINCIA REGIONALE DI TRAPANI","Province e Città Metropolitane",81,"ind7",0
"93004780818","PROVINCIA REGIONALE DI TRAPANI","Province e Città Metropolitane",81,"ind8",0.166666666666667
"93006330299","AMMINISTRAZIONE PROVINCIALE DI ROVIGO","Province e Città Metropolitane",29,"ind1",0.285714285714286
"93006330299","AMMINISTRAZIONE PROVINCIALE DI ROVIGO","Province e Città Metropolitane",29,"ind2",0.916666666666667
"93006330299","AMMINISTRAZIONE PROVINCIALE DI ROVIGO","Province e Città Metropolitane",29,"ind3",0.977403264632759
"93006330299","AMMINISTRAZIONE PROVINCIALE DI ROVIGO","Province e Città Metropolitane",29,"ind4",0.75
"93006330299","AMMINISTRAZIONE PROVINCIALE DI ROVIGO","Province e Città Metropolitane",29,"ind5",1.02396516602298
"93006330299","AMMINISTRAZIONE PROVINCIALE DI ROVIGO","Province e Città Metropolitane",29,"ind6",2.21679292929293
"93006330299","AMMINISTRAZIONE PROVINCIALE DI ROVIGO","Province e Città Metropolitane",29,"ind7",0
"93006330299","AMMINISTRAZIONE PROVINCIALE DI ROVIGO","Province e Città Metropolitane",29,"ind8",0.428571428571429
"93009110037","PROVINCIA DEL VERBANO - CUSIO -OSSOLA","Province e Città Metropolitane",103,"ind1",0
"93009110037","PROVINCIA DEL VERBANO - CUSIO -OSSOLA","Province e Città Metropolitane",103,"ind2",0.851851851851852
"93009110037","PROVINCIA DEL VERBANO - CUSIO -OSSOLA","Province e Città Metropolitane",103,"ind3",0.738628959790128
"93009110037","PROVINCIA DEL VERBANO - CUSIO -OSSOLA","Province e Città Metropolitane",103,"ind4",0
"93009110037","PROVINCIA DEL VERBANO - CUSIO -OSSOLA","Province e Città Metropolitane",103,"ind5",0.999242424986806
"93009110037","PROVINCIA DEL VERBANO - CUSIO -OSSOLA","Province e Città Metropolitane",103,"ind6",2.07322404371585
"93009110037","PROVINCIA DEL VERBANO - CUSIO -OSSOLA","Province e Città Metropolitane",103,"ind7",0.291666666666667
"93009110037","PROVINCIA DEL VERBANO - CUSIO -OSSOLA","Province e Città Metropolitane",103,"ind8",0.210526315789474
"96004570790","PROVINCIA DI VIBO VALENTIA","Province e Città Metropolitane",102,"ind1",NA
"96004570790","PROVINCIA DI VIBO VALENTIA","Province e Città Metropolitane",102,"ind2",0.692307692307692
"96004570790","PROVINCIA DI VIBO VALENTIA","Province e Città Metropolitane",102,"ind3",0.577495414351315
"96004570790","PROVINCIA DI VIBO VALENTIA","Province e Città Metropolitane",102,"ind4",NA
"96004570790","PROVINCIA DI VIBO VALENTIA","Province e Città Metropolitane",102,"ind5",NA
"96004570790","PROVINCIA DI VIBO VALENTIA","Province e Città Metropolitane",102,"ind6",NA
"96004570790","PROVINCIA DI VIBO VALENTIA","Province e Città Metropolitane",102,"ind7",0.923076923076923
"96004570790","PROVINCIA DI VIBO VALENTIA","Province e Città Metropolitane",102,"ind8",1
"80004010957","PROVINCIA DI ORISTANO","Province e Città Metropolitane",95,"ind1",NA
"80004010957","PROVINCIA DI ORISTANO","Province e Città Metropolitane",95,"ind2",0.25
"80004010957","PROVINCIA DI ORISTANO","Province e Città Metropolitane",95,"ind3",0.114860810481643
"80004010957","PROVINCIA DI ORISTANO","Province e Città Metropolitane",95,"ind4",NA
"80004010957","PROVINCIA DI ORISTANO","Province e Città Metropolitane",95,"ind5",NA
"80004010957","PROVINCIA DI ORISTANO","Province e Città Metropolitane",95,"ind6",NA
"80004010957","PROVINCIA DI ORISTANO","Province e Città Metropolitane",95,"ind7",1
"80004010957","PROVINCIA DI ORISTANO","Province e Città Metropolitane",95,"ind8",NA
